0	0
1	1
2	2
3	3
4	4
5	5
6	6
7	7
8	8
9	9
10	10
11	11
12	12
13	13
14	14
15	15
16	16
17	17
18	18
19	19
20	20
21	21
22	22
23	23
24	24
25	25
26	26
27	27
28	28
29	29
30	30
31	31
32	32
33	33
34	34
35	35
36	36
37	37
38	38
39	39
40	40
41	41
42	42
43	43
44	44
45	45
46	46
47	47
48	48
49	49
50	50
51	51
52	52
53	53
54	54
55	55
56	56
57	57
58	58
59	59
60	60
61	61
62	62
63	63
64	64
65	65
66	66
67	67
68	68
69	69
70	70
71	71
72	72
73	73
74	74
75	75
76	76
77	77
78	78
79	79
80	80
81	81
82	82
83	83
84	84
85	85
86	86
87	87
88	88
89	89
90	90
91	91
92	92
93	93
94	94
95	95
96	96
97	97
98	98
99	99
100	100
101	101
102	102
103	103
104	104
105	105
106	106
107	107
108	108
109	109
110	110
111	111
112	112
113	113
114	114
115	115
116	116
117	117
118	118
119	119
120	120
121	121
122	122
123	123
124	124
125	125
126	126
127	127
128	128
129	129
130	130
131	131
132	132
133	133
134	134
135	135
136	136
137	137
138	138
139	139
140	140
141	141
142	142
143	143
144	144
145	143
146	142
147	142
148	145
149	144
150	146
151	144
152	145
153	145
154	147
155	146
156	148
157	146
158	147
159	147
160	149
161	148
162	150
163	148
164	149
165	149
166	151
167	150
168	152
169	150
170	151
171	151
172	153
173	152
174	154
175	152
176	153
177	153
178	155
179	154
180	156
181	154
182	155
183	155
184	157
185	156
186	158
187	156
188	157
189	157
190	159
191	158
192	160
193	158
194	159
195	159
196	161
197	160
198	162
199	160
200	161
201	161
202	163
203	162
204	164
205	162
206	163
207	163
208	165
209	164
210	166
211	164
212	165
213	165
214	167
215	166
216	168
217	166
218	167
219	167
220	169
221	168
222	170
223	168
224	169
225	169
226	171
227	170
228	172
229	170
230	171
231	171
232	173
233	172
234	174
235	172
236	173
237	173
238	175
239	174
240	176
241	174
242	175
243	175
244	177
245	176
246	178
247	176
248	177
249	177
250	179
251	178
252	180
253	178
254	179
255	179
256	181
257	180
258	182
259	180
260	181
261	181
262	183
263	182
264	184
265	182
266	183
267	183
268	185
269	184
270	186
271	184
272	185
273	185
274	187
275	186
276	188
277	186
278	187
279	187
280	189
281	188
282	190
283	188
284	189
285	189
286	191
287	190
288	192
289	190
290	191
291	191
292	193
293	192
294	194
295	192
296	193
297	193
298	195
299	194
300	196
301	194
302	195
303	195
304	197
305	196
306	198
307	196
308	197
309	197
310	199
311	198
312	200
313	198
314	199
315	199
316	201
317	200
318	202
319	200
320	201
321	201
322	203
323	202
324	204
325	202
326	203
327	203
328	205
329	204
330	206
331	204
332	205
333	205
334	207
335	206
336	208
337	206
338	207
339	207
340	209
341	208
342	210
343	208
344	209
345	209
346	211
347	210
348	212
349	210
350	211
351	211
352	213
353	212
354	214
355	212
356	213
357	213
358	215
359	214
360	216
361	214
362	215
363	215
364	217
365	216
366	218
367	216
368	217
369	217
370	219
371	218
372	220
373	218
374	219
375	219
376	221
377	220
378	222
379	220
380	221
381	221
382	223
383	222
384	224
385	222
386	223
387	223
388	225
389	224
390	226
391	224
392	225
393	225
394	227
395	226
396	228
397	226
398	227
399	227
400	229
401	228
402	230
403	228
404	229
405	229
406	231
407	230
408	232
409	230
410	231
411	231
412	233
413	232
414	234
415	232
416	233
417	233
418	235
419	234
420	236
421	234
422	235
423	237
424	238
425	239
426	240
427	239
428	238
429	239
430	240
431	241
432	242
433	241
434	240
435	240
436	243
437	242
438	244
439	242
440	243
441	238
442	245
443	240
444	243
445	240
446	245
447	245
448	246
449	243
450	247
451	243
452	246
453	243
454	247
455	244
456	248
457	244
458	247
459	247
460	249
461	248
462	250
463	248
464	249
465	249
466	251
467	250
468	252
469	250
470	251
471	246
472	253
473	247
474	249
475	247
476	253
477	253
478	254
479	249
480	251
481	249
482	254
483	254
484	255
485	251
486	256
487	251
488	255
489	251
490	256
491	252
492	257
493	252
494	256
495	256
496	258
497	257
498	259
499	257
500	258
501	258
502	260
503	259
504	261
505	259
506	260
507	255
508	262
509	256
510	258
511	256
512	262
513	262
514	263
515	258
516	260
517	258
518	263
519	263
520	264
521	260
522	265
523	260
524	264
525	260
526	265
527	261
528	266
529	261
530	265
531	265
532	267
533	266
534	266
535	267
536	268
537	267
538	269
539	268
540	270
541	268
542	269
543	264
544	271
545	265
546	265
547	271
548	267
549	271
550	272
551	267
552	269
553	267
554	272
555	272
556	273
557	269
558	274
559	269
560	273
561	269
562	274
563	270
564	275
565	270
566	274
567	274
568	276
569	275
570	277
571	275
572	276
573	276
574	278
575	277
576	279
577	277
578	278
579	273
580	280
581	274
582	276
583	274
584	280
585	280
586	281
587	276
588	278
589	276
590	281
591	281
592	282
593	278
594	283
595	278
596	282
597	278
598	283
599	279
600	284
601	279
602	283
603	283
604	285
605	284
606	286
607	284
608	285
609	285
610	287
611	286
612	288
613	286
614	287
615	282
616	289
617	283
618	285
619	283
620	289
621	289
622	290
623	285
624	287
625	285
626	290
627	290
628	291
629	287
630	292
631	287
632	291
633	287
634	292
635	288
636	293
637	288
638	292
639	292
640	294
641	293
642	295
643	293
644	294
645	294
646	296
647	295
648	297
649	295
650	296
651	291
652	298
653	292
654	294
655	292
656	298
657	298
658	299
659	294
660	296
661	294
662	299
663	299
664	300
665	296
666	301
667	296
668	300
669	296
670	301
671	297
672	302
673	297
674	301
675	301
676	303
677	302
678	304
679	302
680	303
681	303
682	305
683	304
684	306
685	304
686	305
687	300
688	307
689	301
690	303
691	301
692	307
693	307
694	308
695	303
696	305
697	303
698	308
699	308
700	309
701	305
702	310
703	305
704	309
705	305
706	310
707	306
708	311
709	306
710	310
711	310
712	312
713	311
714	313
715	311
716	312
717	312
718	314
719	313
720	315
721	313
722	314
723	309
724	316
725	310
726	312
727	310
728	316
729	316
730	317
731	312
732	314
733	312
734	317
735	317
736	318
737	314
738	319
739	314
740	318
741	314
742	319
743	315
744	320
745	315
746	319
747	319
748	321
749	320
750	322
751	320
752	321
753	321
754	323
755	322
756	324
757	322
758	323
759	318
760	325
761	319
762	321
763	319
764	325
765	325
766	326
767	321
768	323
769	321
770	326
771	326
772	327
773	323
774	328
775	323
776	327
777	323
778	328
779	324
780	329
781	324
782	328
783	328
784	330
785	329
786	331
787	329
788	330
789	330
790	332
791	331
792	333
793	331
794	332
795	327
796	334
797	328
798	330
799	328
800	334
801	334
802	335
803	330
804	332
805	330
806	335
807	335
808	336
809	332
810	337
811	332
812	336
813	332
814	337
815	333
816	338
817	333
818	337
819	337
820	339
821	338
822	340
823	338
824	339
825	339
826	341
827	340
828	342
829	340
830	341
831	336
832	343
833	337
834	339
835	337
836	343
837	343
838	344
839	339
840	341
841	339
842	344
843	344
844	345
845	341
846	346
847	341
848	345
849	341
850	346
851	342
852	347
853	342
854	346
855	346
856	348
857	347
858	349
859	347
860	348
861	348
862	350
863	349
864	351
865	349
866	350
867	345
868	352
869	346
870	348
871	346
872	352
873	352
874	353
875	348
876	350
877	348
878	353
879	353
880	354
881	350
882	355
883	350
884	354
885	350
886	355
887	351
888	356
889	351
890	355
891	355
892	357
893	356
894	358
895	356
896	357
897	357
898	359
899	358
900	360
901	358
902	359
903	354
904	361
905	355
906	357
907	355
908	361
909	361
910	362
911	357
912	359
913	357
914	362
915	362
916	363
917	359
918	364
919	359
920	363
921	359
922	364
923	360
924	365
925	360
926	364
927	364
928	366
929	365
930	367
931	365
932	366
933	366
934	368
935	367
936	369
937	367
938	368
939	363
940	370
941	364
942	366
943	364
944	370
945	370
946	371
947	366
948	368
949	366
950	371
951	371
952	372
953	368
954	373
955	368
956	372
957	368
958	373
959	369
960	374
961	369
962	373
963	373
964	375
965	374
966	376
967	374
968	375
969	375
970	377
971	376
972	378
973	376
974	377
975	372
976	379
977	373
978	375
979	373
980	379
981	379
982	380
983	375
984	377
985	375
986	380
987	381
988	382
989	383
990	384
991	383
992	382
993	383
994	384
995	385
996	386
997	385
998	384
999	385
1000	386
1001	387
1002	388
1003	387
1004	386
1005	387
1006	388
1007	389
1008	382
1009	390
1010	384
1011	391
1012	384
1013	390
1014	384
1015	391
1016	386
1017	392
1018	386
1019	391
1020	386
1021	392
1022	388
1023	393
1024	388
1025	392
1026	388
1027	393
1028	394
1029	394
1030	389
1031	388
1032	389
1033	394
1034	395
1035	390
1036	396
1037	391
1038	397
1039	391
1040	396
1041	391
1042	397
1043	392
1044	398
1045	392
1046	397
1047	392
1048	398
1049	393
1050	399
1051	393
1052	398
1053	393
1054	399
1055	400
1056	400
1057	394
1058	393
1059	394
1060	400
1061	401
1062	401
1063	395
1064	394
1065	395
1066	401
1067	402
1068	396
1069	403
1070	397
1071	404
1072	397
1073	403
1074	397
1075	404
1076	398
1077	405
1078	398
1079	404
1080	398
1081	405
1082	399
1083	406
1084	399
1085	405
1086	399
1087	406
1088	407
1089	407
1090	400
1091	399
1092	400
1093	407
1094	408
1095	408
1096	401
1097	400
1098	403
1099	409
1100	404
1101	410
1102	404
1103	409
1104	404
1105	410
1106	405
1107	411
1108	405
1109	410
1110	405
1111	411
1112	406
1113	412
1114	406
1115	411
1116	406
1117	412
1118	413
1119	407
1120	406
1121	413
1122	407
1123	413
1124	414
1125	414
1126	408
1127	407
1128	409
1129	415
1130	410
1131	416
1132	410
1133	415
1134	410
1135	416
1136	411
1137	417
1138	411
1139	416
1140	411
1141	417
1142	412
1143	418
1144	412
1145	417
1146	412
1147	418
1148	419
1149	413
1150	412
1151	419
1152	413
1153	419
1154	420
1155	420
1156	414
1157	413
1158	415
1159	421
1160	416
1161	422
1162	416
1163	421
1164	416
1165	422
1166	417
1167	423
1168	417
1169	422
1170	417
1171	423
1172	418
1173	424
1174	418
1175	423
1176	418
1177	424
1178	425
1179	425
1180	419
1181	418
1182	419
1183	425
1184	426
1185	426
1186	420
1187	419
1188	421
1189	427
1190	422
1191	428
1192	422
1193	427
1194	422
1195	428
1196	423
1197	429
1198	423
1199	428
1200	423
1201	429
1202	424
1203	430
1204	424
1205	429
1206	424
1207	430
1208	431
1209	425
1210	424
1211	431
1212	425
1213	431
1214	432
1215	432
1216	426
1217	425
1218	427
1219	433
1220	428
1221	434
1222	428
1223	433
1224	428
1225	434
1226	429
1227	435
1228	429
1229	434
1230	429
1231	435
1232	430
1233	436
1234	430
1235	435
1236	430
1237	436
1238	437
1239	431
1240	430
1241	437
1242	431
1243	437
1244	438
1245	438
1246	432
1247	431
1248	433
1249	439
1250	434
1251	434
1252	439
1253	440
1254	434
1255	440
1256	435
1257	441
1258	435
1259	440
1260	435
1261	441
1262	436
1263	442
1264	436
1265	441
1266	436
1267	442
1268	443
1269	437
1270	436
1271	443
1272	437
1273	443
1274	444
1275	444
1276	438
1277	437
1278	439
1279	445
1280	440
1281	440
1282	445
1283	446
1284	440
1285	446
1286	441
1287	447
1288	441
1289	446
1290	441
1291	447
1292	442
1293	448
1294	442
1295	447
1296	442
1297	448
1298	449
1299	443
1300	442
1301	449
1302	443
1303	449
1304	450
1305	450
1306	444
1307	443
1308	445
1309	451
1310	446
1311	452
1312	446
1313	451
1314	446
1315	452
1316	447
1317	453
1318	447
1319	452
1320	447
1321	453
1322	448
1323	454
1324	448
1325	453
1326	448
1327	454
1328	455
1329	449
1330	448
1331	455
1332	449
1333	455
1334	456
1335	456
1336	450
1337	449
1338	451
1339	457
1340	452
1341	458
1342	452
1343	457
1344	452
1345	458
1346	453
1347	459
1348	453
1349	458
1350	453
1351	459
1352	454
1353	460
1354	454
1355	459
1356	454
1357	460
1358	461
1359	461
1360	455
1361	454
1362	455
1363	461
1364	462
1365	462
1366	456
1367	455
1368	457
1369	463
1370	458
1371	464
1372	458
1373	463
1374	458
1375	464
1376	459
1377	465
1378	459
1379	464
1380	459
1381	465
1382	460
1383	466
1384	460
1385	465
1386	460
1387	466
1388	467
1389	467
1390	461
1391	460
1392	461
1393	467
1394	468
1395	468
1396	462
1397	461
1398	463
1399	469
1400	464
1401	470
1402	464
1403	469
1404	464
1405	470
1406	465
1407	471
1408	465
1409	470
1410	465
1411	471
1412	466
1413	472
1414	466
1415	471
1416	466
1417	472
1418	473
1419	473
1420	467
1421	466
1422	467
1423	473
1424	474
1425	474
1426	468
1427	467
1428	469
1429	475
1430	470
1431	476
1432	470
1433	475
1434	470
1435	476
1436	471
1437	477
1438	471
1439	476
1440	471
1441	477
1442	472
1443	478
1444	472
1445	477
1446	472
1447	478
1448	479
1449	479
1450	473
1451	472
1452	473
1453	479
1454	480
1455	480
1456	474
1457	473
1458	475
1459	481
1460	476
1461	482
1462	476
1463	481
1464	476
1465	482
1466	477
1467	483
1468	477
1469	482
1470	477
1471	483
1472	478
1473	484
1474	478
1475	483
1476	478
1477	484
1478	485
1479	479
1480	478
1481	485
1482	479
1483	485
1484	486
1485	486
1486	480
1487	479
1488	481
1489	487
1490	482
1491	488
1492	482
1493	487
1494	482
1495	488
1496	483
1497	489
1498	483
1499	488
1500	483
1501	489
1502	484
1503	490
1504	484
1505	489
1506	484
1507	490
1508	491
1509	485
1510	484
1511	491
1512	485
1513	491
1514	492
1515	492
1516	486
1517	485
1518	487
1519	493
1520	488
1521	494
1522	488
1523	493
1524	488
1525	494
1526	489
1527	495
1528	489
1529	494
1530	489
1531	495
1532	490
1533	496
1534	490
1535	495
1536	490
1537	496
1538	497
1539	497
1540	491
1541	490
1542	491
1543	497
1544	498
1545	498
1546	492
1547	491
1548	493
1549	499
1550	494
1551	500
1552	494
1553	499
1554	494
1555	500
1556	495
1557	501
1558	495
1559	500
1560	495
1561	501
1562	496
1563	502
1564	496
1565	501
1566	496
1567	502
1568	503
1569	497
1570	496
1571	503
1572	497
1573	503
1574	504
1575	504
1576	498
1577	497
1578	499
1579	505
1580	500
1581	506
1582	500
1583	505
1584	500
1585	506
1586	501
1587	507
1588	501
1589	506
1590	501
1591	507
1592	502
1593	508
1594	502
1595	507
1596	502
1597	508
1598	509
1599	503
1600	502
1601	509
1602	503
1603	509
1604	510
1605	510
1606	504
1607	503
1608	505
1609	511
1610	506
1611	506
1612	511
1613	512
1614	506
1615	512
1616	507
1617	513
1618	507
1619	512
1620	507
1621	513
1622	508
1623	514
1624	508
1625	513
1626	508
1627	514
1628	515
1629	509
1630	508
1631	515
1632	509
1633	515
1634	516
1635	516
1636	510
1637	509
1638	511
1639	517
1640	512
1641	512
1642	517
1643	518
1644	512
1645	518
1646	513
1647	519
1648	513
1649	518
1650	513
1651	519
1652	514
1653	520
1654	514
1655	519
1656	514
1657	520
1658	521
1659	515
1660	514
1661	521
1662	515
1663	521
1664	522
1665	522
1666	516
1667	515
1668	517
1669	523
1670	518
1671	524
1672	518
1673	523
1674	518
1675	524
1676	519
1677	525
1678	519
1679	524
1680	519
1681	525
1682	520
1683	526
1684	520
1685	525
1686	520
1687	526
1688	527
1689	521
1690	520
1691	527
1692	521
1693	527
1694	528
1695	528
1696	522
1697	521
1698	523
1699	529
1700	524
1701	530
1702	524
1703	529
1704	524
1705	530
1706	525
1707	531
1708	525
1709	530
1710	525
1711	531
1712	526
1713	532
1714	526
1715	531
1716	526
1717	532
1718	533
1719	533
1720	527
1721	526
1722	527
1723	533
1724	534
1725	534
1726	528
1727	527
1728	529
1729	535
1730	530
1731	536
1732	530
1733	535
1734	530
1735	536
1736	531
1737	537
1738	531
1739	536
1740	531
1741	537
1742	532
1743	538
1744	532
1745	537
1746	532
1747	538
1748	539
1749	539
1750	533
1751	532
1752	533
1753	539
1754	540
1755	540
1756	534
1757	533
1758	535
1759	541
1760	536
1761	542
1762	536
1763	541
1764	536
1765	542
1766	537
1767	543
1768	537
1769	542
1770	537
1771	543
1772	538
1773	544
1774	538
1775	543
1776	538
1777	544
1778	545
1779	545
1780	539
1781	538
1782	539
1783	545
1784	546
1785	546
1786	540
1787	539
1788	541
1789	547
1790	542
1791	548
1792	542
1793	547
1794	542
1795	548
1796	543
1797	549
1798	543
1799	548
1800	543
1801	549
1802	544
1803	550
1804	544
1805	549
1806	544
1807	550
1808	551
1809	551
1810	545
1811	544
1812	545
1813	551
1814	552
1815	552
1816	546
1817	545
1818	547
1819	553
1820	548
1821	554
1822	548
1823	553
1824	548
1825	554
1826	549
1827	555
1828	549
1829	554
1830	549
1831	555
1832	550
1833	556
1834	550
1835	555
1836	550
1837	556
1838	557
1839	551
1840	550
1841	557
1842	551
1843	557
1844	558
1845	558
1846	552
1847	551
1848	553
1849	559
1850	554
1851	560
1852	554
1853	559
1854	554
1855	560
1856	555
1857	561
1858	555
1859	560
1860	555
1861	561
1862	556
1863	562
1864	556
1865	561
1866	556
1867	562
1868	563
1869	557
1870	556
1871	563
1872	557
1873	563
1874	564
1875	564
1876	558
1877	557
1878	559
1879	565
1880	560
1881	566
1882	560
1883	565
1884	560
1885	566
1886	561
1887	567
1888	561
1889	566
1890	561
1891	567
1892	562
1893	568
1894	562
1895	567
1896	562
1897	568
1898	569
1899	569
1900	563
1901	562
1902	563
1903	569
1904	570
1905	570
1906	564
1907	563
1908	565
1909	571
1910	566
1911	572
1912	566
1913	571
1914	566
1915	572
1916	567
1917	573
1918	567
1919	572
1920	567
1921	573
1922	568
1923	574
1924	568
1925	573
1926	568
1927	574
1928	575
1929	569
1930	568
1931	575
1932	569
1933	575
1934	576
1935	576
1936	570
1937	569
1938	571
1939	577
1940	572
1941	578
1942	572
1943	577
1944	572
1945	578
1946	573
1947	579
1948	573
1949	578
1950	573
1951	579
1952	574
1953	580
1954	574
1955	579
1956	574
1957	580
1958	581
1959	575
1960	574
1961	581
1962	575
1963	581
1964	582
1965	582
1966	576
1967	575
1968	577
1969	583
1970	578
1971	578
1972	583
1973	584
1974	578
1975	584
1976	579
1977	585
1978	579
1979	584
1980	579
1981	585
1982	580
1983	586
1984	580
1985	585
1986	580
1987	586
1988	587
1989	581
1990	580
1991	587
1992	581
1993	587
1994	588
1995	588
1996	582
1997	581
1998	583
1999	589
2000	584
2001	584
2002	589
2003	590
2004	584
2005	590
2006	585
2007	591
2008	585
2009	590
2010	585
2011	591
2012	586
2013	592
2014	586
2015	591
2016	586
2017	592
2018	593
2019	587
2020	586
2021	593
2022	587
2023	593
2024	594
2025	594
2026	588
2027	587
2028	589
2029	595
2030	590
2031	596
2032	590
2033	595
2034	590
2035	596
2036	591
2037	597
2038	591
2039	596
2040	591
2041	597
2042	592
2043	598
2044	592
2045	597
2046	592
2047	598
2048	599
2049	593
2050	592
2051	599
2052	593
2053	599
2054	600
2055	600
2056	594
2057	593
2058	595
2059	601
2060	596
2061	602
2062	596
2063	601
2064	596
2065	602
2066	597
2067	603
2068	597
2069	602
2070	597
2071	603
2072	598
2073	604
2074	598
2075	603
2076	598
2077	604
2078	605
2079	605
2080	599
2081	598
2082	599
2083	605
2084	606
2085	606
2086	600
2087	599
2088	601
2089	607
2090	602
2091	608
2092	602
2093	607
2094	602
2095	608
2096	603
2097	609
2098	603
2099	608
2100	603
2101	609
2102	604
2103	610
2104	604
2105	609
2106	604
2107	610
2108	611
2109	605
2110	604
2111	611
2112	605
2113	611
2114	612
2115	612
2116	606
2117	605
2118	607
2119	613
2120	608
2121	614
2122	608
2123	613
2124	608
2125	614
2126	609
2127	615
2128	609
2129	614
2130	609
2131	615
2132	610
2133	616
2134	610
2135	615
2136	610
2137	616
2138	617
2139	611
2140	610
2141	617
2142	611
2143	617
2144	618
2145	618
2146	612
2147	611
2148	613
2149	619
2150	614
2151	620
2152	614
2153	619
2154	614
2155	620
2156	615
2157	621
2158	615
2159	620
2160	615
2161	621
2162	616
2163	622
2164	616
2165	621
2166	616
2167	622
2168	623
2169	617
2170	616
2171	623
2172	617
2173	623
2174	624
2175	624
2176	618
2177	617
2178	619
2179	625
2180	620
2181	626
2182	620
2183	625
2184	620
2185	626
2186	621
2187	627
2188	621
2189	626
2190	621
2191	627
2192	622
2193	628
2194	622
2195	627
2196	622
2197	628
2198	629
2199	623
2200	622
2201	629
2202	623
2203	629
2204	630
2205	630
2206	624
2207	623
2208	625
2209	631
2210	626
2211	632
2212	626
2213	631
2214	626
2215	632
2216	627
2217	633
2218	627
2219	632
2220	627
2221	633
2222	628
2223	634
2224	628
2225	633
2226	628
2227	634
2228	635
2229	629
2230	628
2231	635
2232	629
2233	635
2234	636
2235	636
2236	630
2237	629
2238	631
2239	637
2240	632
2241	638
2242	632
2243	637
2244	632
2245	638
2246	633
2247	639
2248	633
2249	638
2250	633
2251	639
2252	634
2253	640
2254	634
2255	639
2256	634
2257	640
2258	641
2259	635
2260	634
2261	641
2262	635
2263	641
2264	642
2265	642
2266	636
2267	635
2268	637
2269	643
2270	638
2271	644
2272	638
2273	643
2274	638
2275	644
2276	639
2277	645
2278	639
2279	644
2280	639
2281	645
2282	640
2283	646
2284	640
2285	645
2286	640
2287	646
2288	647
2289	641
2290	640
2291	647
2292	641
2293	647
2294	648
2295	648
2296	642
2297	641
2298	643
2299	649
2300	644
2301	650
2302	644
2303	649
2304	644
2305	650
2306	645
2307	651
2308	645
2309	650
2310	645
2311	651
2312	646
2313	652
2314	646
2315	651
2316	646
2317	652
2318	653
2319	647
2320	646
2321	653
2322	647
2323	653
2324	654
2325	654
2326	648
2327	647
2328	649
2329	655
2330	650
2331	650
2332	655
2333	656
2334	650
2335	656
2336	651
2337	651
2338	656
2339	657
2340	651
2341	657
2342	652
2343	658
2344	652
2345	657
2346	652
2347	658
2348	659
2349	653
2350	652
2351	659
2352	653
2353	659
2354	660
2355	660
2356	654
2357	653
2358	655
2359	661
2360	656
2361	662
2362	656
2363	661
2364	656
2365	662
2366	657
2367	663
2368	657
2369	662
2370	657
2371	663
2372	658
2373	664
2374	658
2375	663
2376	658
2377	664
2378	665
2379	659
2380	658
2381	665
2382	659
2383	665
2384	666
2385	666
2386	660
2387	659
2388	660
2389	666
2390	667
2391	667
2392	668
2393	660
2394	654
2395	660
2396	668
2397	668
2398	669
2399	654
2400	648
2401	654
2402	669
2403	670
2404	665
2405	664
2406	665
2407	670
2408	671
2409	671
2410	666
2411	665
2412	666
2413	671
2414	672
2415	672
2416	667
2417	666
2418	667
2419	672
2420	673
2421	673
2422	674
2423	667
2424	668
2425	667
2426	674
2427	674
2428	675
2429	668
2430	669
2431	668
2432	675
2433	676
2434	671
2435	670
2436	671
2437	676
2438	677
2439	672
2440	671
2441	677
2442	672
2443	677
2444	678
2445	678
2446	673
2447	672
2448	673
2449	678
2450	679
2451	680
2452	673
2453	679
2454	674
2455	673
2456	680
2457	681
2458	674
2459	680
2460	675
2461	674
2462	681
2463	682
2464	677
2465	676
2466	677
2467	682
2468	683
2469	683
2470	678
2471	677
2472	678
2473	683
2474	684
2475	679
2476	678
2477	684
2478	679
2479	684
2480	685
2481	685
2482	686
2483	679
2484	680
2485	679
2486	686
2487	686
2488	687
2489	680
2490	681
2491	680
2492	687
2493	688
2494	683
2495	682
2496	683
2497	688
2498	689
2499	684
2500	683
2501	689
2502	684
2503	689
2504	690
2505	690
2506	685
2507	684
2508	685
2509	690
2510	691
2511	691
2512	692
2513	685
2514	686
2515	685
2516	692
2517	692
2518	693
2519	686
2520	687
2521	686
2522	693
2523	694
2524	689
2525	688
2526	689
2527	694
2528	695
2529	695
2530	690
2531	689
2532	690
2533	695
2534	696
2535	696
2536	691
2537	690
2538	691
2539	696
2540	697
2541	697
2542	698
2543	691
2544	692
2545	691
2546	698
2547	698
2548	699
2549	692
2550	693
2551	692
2552	699
2553	700
2554	695
2555	694
2556	695
2557	700
2558	701
2559	696
2560	695
2561	701
2562	696
2563	701
2564	702
2565	702
2566	697
2567	696
2568	697
2569	702
2570	703
2571	703
2572	704
2573	697
2574	698
2575	697
2576	704
2577	704
2578	705
2579	698
2580	699
2581	698
2582	705
2583	706
2584	701
2585	700
2586	701
2587	706
2588	707
2589	702
2590	701
2591	707
2592	702
2593	707
2594	708
2595	708
2596	703
2597	702
2598	703
2599	708
2600	709
2601	710
2602	703
2603	709
2604	704
2605	703
2606	710
2607	711
2608	704
2609	710
2610	705
2611	704
2612	711
2613	712
2614	707
2615	706
2616	707
2617	712
2618	713
2619	713
2620	708
2621	707
2622	708
2623	713
2624	714
2625	709
2626	708
2627	714
2628	715
2629	713
2630	712
2631	713
2632	715
2633	716
2634	714
2635	713
2636	716
2637	717
2638	716
2639	715
2640	718
2641	705
2642	711
2643	719
2644	705
2645	718
2646	705
2647	719
2648	699
2649	720
2650	699
2651	719
2652	699
2653	720
2654	693
2655	721
2656	693
2657	720
2658	693
2659	721
2660	687
2661	722
2662	719
2663	718
2664	723
2665	719
2666	722
2667	719
2668	723
2669	720
2670	724
2671	720
2672	723
2673	720
2674	724
2675	721
2676	725
2677	721
2678	724
2679	721
2680	725
2681	726
2682	726
2683	687
2684	721
2685	687
2686	726
2687	681
2688	727
2689	723
2690	722
2691	728
2692	723
2693	727
2694	723
2695	728
2696	724
2697	729
2698	724
2699	728
2700	724
2701	729
2702	725
2703	730
2704	725
2705	729
2706	725
2707	730
2708	731
2709	731
2710	726
2711	725
2712	726
2713	731
2714	732
2715	732
2716	681
2717	726
2718	681
2719	732
2720	675
2721	733
2722	728
2723	727
2724	734
2725	728
2726	733
2727	728
2728	734
2729	729
2730	735
2731	729
2732	734
2733	729
2734	735
2735	730
2736	736
2737	730
2738	735
2739	730
2740	736
2741	737
2742	737
2743	731
2744	730
2745	731
2746	737
2747	738
2748	738
2749	732
2750	731
2751	739
2752	734
2753	733
2754	740
2755	734
2756	739
2757	734
2758	740
2759	735
2760	741
2761	735
2762	740
2763	735
2764	741
2765	736
2766	742
2767	736
2768	741
2769	736
2770	742
2771	743
2772	743
2773	737
2774	736
2775	737
2776	743
2777	744
2778	744
2779	738
2780	737
2781	745
2782	740
2783	739
2784	746
2785	740
2786	745
2787	740
2788	746
2789	741
2790	747
2791	741
2792	746
2793	741
2794	747
2795	742
2796	748
2797	742
2798	747
2799	742
2800	748
2801	749
2802	749
2803	743
2804	742
2805	743
2806	749
2807	750
2808	750
2809	744
2810	743
2811	751
2812	746
2813	745
2814	752
2815	746
2816	751
2817	746
2818	752
2819	747
2820	753
2821	747
2822	752
2823	747
2824	753
2825	748
2826	754
2827	748
2828	753
2829	748
2830	754
2831	755
2832	755
2833	749
2834	748
2835	749
2836	755
2837	756
2838	756
2839	750
2840	749
2841	757
2842	752
2843	751
2844	758
2845	752
2846	757
2847	752
2848	758
2849	753
2850	759
2851	753
2852	758
2853	753
2854	759
2855	754
2856	760
2857	754
2858	759
2859	754
2860	760
2861	761
2862	761
2863	755
2864	754
2865	755
2866	761
2867	762
2868	762
2869	756
2870	755
2871	763
2872	758
2873	757
2874	764
2875	758
2876	763
2877	758
2878	764
2879	759
2880	765
2881	759
2882	764
2883	759
2884	765
2885	760
2886	766
2887	760
2888	765
2889	760
2890	766
2891	767
2892	767
2893	761
2894	760
2895	761
2896	767
2897	768
2898	768
2899	762
2900	761
2901	769
2902	764
2903	763
2904	770
2905	764
2906	769
2907	764
2908	770
2909	765
2910	771
2911	765
2912	770
2913	765
2914	771
2915	766
2916	772
2917	766
2918	771
2919	766
2920	772
2921	773
2922	773
2923	767
2924	766
2925	767
2926	773
2927	774
2928	774
2929	768
2930	767
2931	775
2932	770
2933	769
2934	776
2935	770
2936	775
2937	770
2938	776
2939	771
2940	777
2941	771
2942	776
2943	771
2944	777
2945	772
2946	778
2947	772
2948	777
2949	772
2950	778
2951	779
2952	779
2953	773
2954	772
2955	773
2956	779
2957	780
2958	780
2959	774
2960	773
2961	781
2962	776
2963	775
2964	782
2965	776
2966	781
2967	776
2968	782
2969	777
2970	783
2971	777
2972	782
2973	777
2974	783
2975	778
2976	784
2977	778
2978	783
2979	778
2980	784
2981	785
2982	785
2983	779
2984	778
2985	779
2986	785
2987	786
2988	786
2989	780
2990	779
2991	787
2992	782
2993	781
2994	788
2995	782
2996	787
2997	782
2998	788
2999	783
3000	789
3001	783
3002	788
3003	783
3004	789
3005	784
3006	790
3007	784
3008	789
3009	784
3010	790
3011	791
3012	791
3013	785
3014	784
3015	785
3016	791
3017	792
3018	792
3019	786
3020	785
3021	793
3022	788
3023	787
3024	794
3025	788
3026	793
3027	788
3028	794
3029	789
3030	795
3031	789
3032	794
3033	789
3034	795
3035	790
3036	796
3037	790
3038	795
3039	790
3040	796
3041	797
3042	797
3043	791
3044	790
3045	791
3046	797
3047	798
3048	798
3049	792
3050	791
3051	799
3052	794
3053	793
3054	800
3055	794
3056	799
3057	794
3058	800
3059	795
3060	801
3061	795
3062	800
3063	795
3064	801
3065	796
3066	802
3067	796
3068	801
3069	796
3070	802
3071	803
3072	803
3073	797
3074	796
3075	797
3076	803
3077	804
3078	804
3079	798
3080	797
3081	805
3082	800
3083	799
3084	806
3085	800
3086	805
3087	800
3088	806
3089	801
3090	807
3091	801
3092	806
3093	801
3094	807
3095	802
3096	808
3097	802
3098	807
3099	802
3100	808
3101	809
3102	809
3103	803
3104	802
3105	803
3106	809
3107	810
3108	810
3109	804
3110	803
3111	811
3112	806
3113	805
3114	812
3115	806
3116	811
3117	806
3118	812
3119	807
3120	813
3121	807
3122	812
3123	807
3124	813
3125	808
3126	814
3127	808
3128	813
3129	808
3130	814
3131	815
3132	815
3133	809
3134	808
3135	809
3136	815
3137	816
3138	816
3139	810
3140	809
3141	817
3142	812
3143	811
3144	818
3145	812
3146	817
3147	812
3148	818
3149	813
3150	819
3151	813
3152	818
3153	813
3154	819
3155	814
3156	820
3157	814
3158	819
3159	814
3160	820
3161	821
3162	821
3163	815
3164	814
3165	815
3166	821
3167	822
3168	822
3169	816
3170	815
3171	823
3172	818
3173	817
3174	824
3175	818
3176	823
3177	818
3178	824
3179	819
3180	825
3181	819
3182	824
3183	819
3184	825
3185	820
3186	826
3187	820
3188	825
3189	820
3190	826
3191	827
3192	827
3193	821
3194	820
3195	821
3196	827
3197	828
3198	828
3199	822
3200	821
3201	829
3202	824
3203	823
3204	830
3205	824
3206	829
3207	824
3208	830
3209	825
3210	831
3211	825
3212	830
3213	825
3214	831
3215	826
3216	832
3217	826
3218	831
3219	826
3220	832
3221	833
3222	833
3223	827
3224	826
3225	827
3226	833
3227	834
3228	834
3229	828
3230	827
3231	835
3232	830
3233	829
3234	836
3235	830
3236	835
3237	830
3238	836
3239	831
3240	837
3241	831
3242	836
3243	831
3244	837
3245	832
3246	838
3247	832
3248	837
3249	832
3250	838
3251	839
3252	839
3253	833
3254	832
3255	833
3256	839
3257	840
3258	840
3259	834
3260	833
3261	841
3262	836
3263	835
3264	842
3265	836
3266	841
3267	836
3268	842
3269	837
3270	843
3271	837
3272	842
3273	837
3274	843
3275	838
3276	844
3277	838
3278	843
3279	838
3280	844
3281	845
3282	845
3283	839
3284	838
3285	839
3286	845
3287	846
3288	846
3289	840
3290	839
3291	847
3292	842
3293	841
3294	848
3295	842
3296	847
3297	842
3298	848
3299	843
3300	849
3301	843
3302	848
3303	843
3304	849
3305	844
3306	850
3307	844
3308	849
3309	844
3310	850
3311	851
3312	851
3313	845
3314	844
3315	845
3316	851
3317	852
3318	852
3319	846
3320	845
3321	853
3322	848
3323	847
3324	854
3325	848
3326	853
3327	848
3328	854
3329	849
3330	855
3331	849
3332	854
3333	849
3334	855
3335	850
3336	856
3337	850
3338	855
3339	850
3340	856
3341	857
3342	857
3343	851
3344	850
3345	851
3346	857
3347	858
3348	858
3349	852
3350	851
3351	859
3352	854
3353	853
3354	860
3355	854
3356	859
3357	854
3358	860
3359	855
3360	861
3361	855
3362	860
3363	855
3364	861
3365	856
3366	862
3367	856
3368	861
3369	856
3370	862
3371	863
3372	863
3373	857
3374	856
3375	857
3376	863
3377	864
3378	864
3379	858
3380	857
3381	865
3382	860
3383	859
3384	866
3385	860
3386	865
3387	860
3388	866
3389	861
3390	867
3391	861
3392	866
3393	861
3394	867
3395	862
3396	868
3397	862
3398	867
3399	862
3400	868
3401	869
3402	869
3403	863
3404	862
3405	863
3406	869
3407	870
3408	870
3409	864
3410	863
3411	871
3412	866
3413	865
3414	872
3415	866
3416	871
3417	866
3418	872
3419	867
3420	873
3421	867
3422	872
3423	867
3424	873
3425	868
3426	874
3427	868
3428	873
3429	868
3430	874
3431	875
3432	875
3433	869
3434	868
3435	869
3436	875
3437	876
3438	876
3439	870
3440	869
3441	877
3442	872
3443	871
3444	878
3445	872
3446	877
3447	872
3448	878
3449	873
3450	879
3451	873
3452	878
3453	873
3454	879
3455	874
3456	880
3457	874
3458	879
3459	874
3460	880
3461	881
3462	881
3463	875
3464	874
3465	875
3466	881
3467	882
3468	882
3469	876
3470	875
3471	883
3472	878
3473	877
3474	884
3475	878
3476	883
3477	878
3478	884
3479	879
3480	885
3481	879
3482	884
3483	879
3484	885
3485	880
3486	886
3487	880
3488	885
3489	880
3490	886
3491	887
3492	887
3493	881
3494	880
3495	881
3496	887
3497	888
3498	888
3499	882
3500	881
3501	889
3502	884
3503	883
3504	890
3505	884
3506	889
3507	884
3508	890
3509	885
3510	891
3511	885
3512	890
3513	885
3514	891
3515	886
3516	892
3517	886
3518	891
3519	886
3520	892
3521	893
3522	893
3523	887
3524	886
3525	887
3526	893
3527	894
3528	894
3529	888
3530	887
3531	895
3532	890
3533	889
3534	896
3535	890
3536	895
3537	890
3538	896
3539	891
3540	897
3541	891
3542	896
3543	891
3544	897
3545	892
3546	898
3547	892
3548	897
3549	892
3550	898
3551	899
3552	899
3553	893
3554	892
3555	893
3556	899
3557	900
3558	900
3559	894
3560	893
3561	901
3562	896
3563	895
3564	902
3565	896
3566	901
3567	896
3568	902
3569	897
3570	903
3571	897
3572	902
3573	897
3574	903
3575	898
3576	904
3577	898
3578	903
3579	898
3580	904
3581	905
3582	905
3583	899
3584	898
3585	899
3586	905
3587	906
3588	906
3589	900
3590	899
3591	907
3592	902
3593	901
3594	908
3595	902
3596	907
3597	902
3598	908
3599	903
3600	909
3601	903
3602	908
3603	903
3604	909
3605	904
3606	910
3607	904
3608	909
3609	904
3610	910
3611	911
3612	911
3613	905
3614	904
3615	905
3616	911
3617	912
3618	912
3619	906
3620	905
3621	913
3622	908
3623	907
3624	914
3625	908
3626	913
3627	908
3628	914
3629	909
3630	915
3631	909
3632	914
3633	909
3634	915
3635	910
3636	916
3637	910
3638	915
3639	910
3640	916
3641	917
3642	917
3643	911
3644	910
3645	911
3646	917
3647	918
3648	918
3649	912
3650	911
3651	919
3652	914
3653	913
3654	920
3655	914
3656	919
3657	914
3658	920
3659	915
3660	921
3661	915
3662	920
3663	915
3664	921
3665	916
3666	922
3667	916
3668	921
3669	916
3670	922
3671	923
3672	923
3673	917
3674	916
3675	917
3676	923
3677	924
3678	924
3679	918
3680	917
3681	925
3682	920
3683	919
3684	926
3685	920
3686	925
3687	920
3688	926
3689	921
3690	927
3691	921
3692	926
3693	921
3694	927
3695	922
3696	928
3697	922
3698	927
3699	922
3700	928
3701	929
3702	929
3703	923
3704	922
3705	923
3706	929
3707	930
3708	930
3709	924
3710	923
3711	931
3712	926
3713	925
3714	932
3715	926
3716	931
3717	926
3718	932
3719	927
3720	933
3721	927
3722	932
3723	927
3724	933
3725	928
3726	934
3727	928
3728	933
3729	928
3730	934
3731	935
3732	935
3733	929
3734	928
3735	929
3736	935
3737	936
3738	936
3739	930
3740	929
3741	937
3742	932
3743	931
3744	938
3745	932
3746	937
3747	932
3748	938
3749	933
3750	939
3751	933
3752	938
3753	933
3754	939
3755	934
3756	940
3757	934
3758	939
3759	934
3760	940
3761	941
3762	941
3763	935
3764	934
3765	935
3766	941
3767	942
3768	942
3769	936
3770	935
3771	943
3772	938
3773	937
3774	944
3775	938
3776	943
3777	938
3778	944
3779	939
3780	945
3781	939
3782	944
3783	939
3784	945
3785	940
3786	946
3787	940
3788	945
3789	940
3790	946
3791	947
3792	947
3793	941
3794	940
3795	941
3796	947
3797	948
3798	948
3799	942
3800	941
3801	949
3802	944
3803	943
3804	950
3805	944
3806	949
3807	944
3808	950
3809	945
3810	951
3811	945
3812	950
3813	945
3814	951
3815	946
3816	952
3817	946
3818	951
3819	946
3820	952
3821	953
3822	953
3823	947
3824	946
3825	947
3826	953
3827	954
3828	954
3829	948
3830	947
3831	955
3832	950
3833	949
3834	956
3835	950
3836	955
3837	950
3838	956
3839	951
3840	957
3841	951
3842	956
3843	951
3844	957
3845	952
3846	958
3847	952
3848	957
3849	952
3850	958
3851	959
3852	959
3853	953
3854	952
3855	953
3856	959
3857	960
3858	960
3859	954
3860	953
3861	961
3862	956
3863	955
3864	962
3865	956
3866	961
3867	956
3868	962
3869	957
3870	963
3871	957
3872	962
3873	957
3874	963
3875	958
3876	964
3877	958
3878	963
3879	958
3880	964
3881	965
3882	965
3883	959
3884	958
3885	959
3886	965
3887	966
3888	966
3889	960
3890	959
3891	960
3892	966
3893	967
3894	967
3895	968
3896	960
3897	960
3898	968
3899	954
3900	968
3901	969
3902	954
3903	954
3904	969
3905	948
3906	970
3907	965
3908	964
3909	965
3910	970
3911	971
3912	971
3913	966
3914	965
3915	966
3916	971
3917	972
3918	972
3919	967
3920	966
3921	967
3922	972
3923	973
3924	973
3925	974
3926	967
3927	968
3928	967
3929	974
3930	974
3931	975
3932	968
3933	969
3934	968
3935	975
3936	976
3937	971
3938	970
3939	971
3940	976
3941	977
3942	977
3943	972
3944	971
3945	972
3946	977
3947	978
3948	978
3949	973
3950	972
3951	973
3952	978
3953	414
3954	414
3955	420
3956	973
3957	974
3958	973
3959	420
3960	420
3961	426
3962	974
3963	975
3964	974
3965	426
3966	979
3967	977
3968	976
3969	977
3970	979
3971	980
3972	980
3973	978
3974	977
3975	978
3976	980
3977	408
3978	408
3979	414
3980	978
3981	402
3982	980
3983	979
3984	980
3985	402
3986	401
3987	401
3988	408
3989	980
3990	426
3991	432
3992	975
3993	981
3994	975
3995	432
3996	975
3997	981
3998	969
3999	982
4000	969
4001	981
4002	969
4003	982
4004	948
4005	942
4006	948
4007	982
4008	982
4009	983
4010	942
4011	936
4012	942
4013	983
4014	432
4015	438
4016	981
4017	984
4018	981
4019	438
4020	981
4021	984
4022	982
4023	983
4024	982
4025	984
4026	984
4027	985
4028	983
4029	986
4030	983
4031	985
4032	983
4033	986
4034	936
4035	930
4036	936
4037	986
4038	986
4039	987
4040	930
4041	924
4042	930
4043	987
4044	438
4045	444
4046	984
4047	985
4048	984
4049	444
4050	444
4051	450
4052	985
4053	988
4054	985
4055	450
4056	985
4057	988
4058	986
4059	987
4060	986
4061	988
4062	988
4063	989
4064	987
4065	990
4066	987
4067	989
4068	987
4069	990
4070	924
4071	924
4072	990
4073	918
4074	990
4075	991
4076	918
4077	918
4078	991
4079	912
4080	450
4081	456
4082	988
4083	989
4084	988
4085	456
4086	456
4087	462
4088	989
4089	992
4090	989
4091	462
4092	989
4093	992
4094	990
4095	991
4096	990
4097	992
4098	992
4099	993
4100	991
4101	994
4102	991
4103	993
4104	991
4105	994
4106	912
4107	906
4108	912
4109	994
4110	994
4111	995
4112	906
4113	900
4114	906
4115	995
4116	462
4117	468
4118	992
4119	993
4120	992
4121	468
4122	468
4123	474
4124	993
4125	996
4126	993
4127	474
4128	993
4129	996
4130	994
4131	995
4132	994
4133	996
4134	996
4135	997
4136	995
4137	998
4138	995
4139	997
4140	995
4141	998
4142	900
4143	894
4144	900
4145	998
4146	998
4147	999
4148	894
4149	888
4150	894
4151	999
4152	474
4153	480
4154	996
4155	997
4156	996
4157	480
4158	480
4159	486
4160	997
4161	1000
4162	997
4163	486
4164	997
4165	1000
4166	998
4167	999
4168	998
4169	1000
4170	1000
4171	1001
4172	999
4173	1002
4174	999
4175	1001
4176	999
4177	1002
4178	888
4179	888
4180	1002
4181	882
4182	1002
4183	1003
4184	882
4185	882
4186	1003
4187	876
4188	486
4189	492
4190	1000
4191	1001
4192	1000
4193	492
4194	492
4195	498
4196	1001
4197	1004
4198	1001
4199	498
4200	1001
4201	1004
4202	1002
4203	1003
4204	1002
4205	1004
4206	1004
4207	1005
4208	1003
4209	1006
4210	1003
4211	1005
4212	1003
4213	1006
4214	876
4215	870
4216	876
4217	1006
4218	1006
4219	1007
4220	870
4221	864
4222	870
4223	1007
4224	498
4225	504
4226	1004
4227	1005
4228	1004
4229	504
4230	504
4231	510
4232	1005
4233	1008
4234	1005
4235	510
4236	1005
4237	1008
4238	1006
4239	1007
4240	1006
4241	1008
4242	1008
4243	1009
4244	1007
4245	1010
4246	1007
4247	1009
4248	1007
4249	1010
4250	864
4251	858
4252	864
4253	1010
4254	1010
4255	1011
4256	858
4257	852
4258	858
4259	1011
4260	510
4261	516
4262	1008
4263	1009
4264	1008
4265	516
4266	516
4267	522
4268	1009
4269	1012
4270	1009
4271	522
4272	1009
4273	1012
4274	1010
4275	1011
4276	1010
4277	1012
4278	1012
4279	1013
4280	1011
4281	1014
4282	1011
4283	1013
4284	1011
4285	1014
4286	852
4287	852
4288	1014
4289	846
4290	1014
4291	1015
4292	846
4293	846
4294	1015
4295	840
4296	522
4297	528
4298	1012
4299	1013
4300	1012
4301	528
4302	528
4303	534
4304	1013
4305	1016
4306	1013
4307	534
4308	1013
4309	1016
4310	1014
4311	1015
4312	1014
4313	1016
4314	1016
4315	1017
4316	1015
4317	1018
4318	1015
4319	1017
4320	1015
4321	1018
4322	840
4323	834
4324	840
4325	1018
4326	1018
4327	1019
4328	834
4329	828
4330	834
4331	1019
4332	534
4333	540
4334	1016
4335	1017
4336	1016
4337	540
4338	540
4339	546
4340	1017
4341	1020
4342	1017
4343	546
4344	1017
4345	1020
4346	1018
4347	1019
4348	1018
4349	1020
4350	1020
4351	1021
4352	1019
4353	1022
4354	1019
4355	1021
4356	1019
4357	1022
4358	828
4359	822
4360	828
4361	1022
4362	1022
4363	1023
4364	822
4365	816
4366	822
4367	1023
4368	546
4369	552
4370	1020
4371	1021
4372	1020
4373	552
4374	552
4375	558
4376	1021
4377	1024
4378	1021
4379	558
4380	1021
4381	1024
4382	1022
4383	1023
4384	1022
4385	1024
4386	1024
4387	1025
4388	1023
4389	1026
4390	1023
4391	1025
4392	1023
4393	1026
4394	816
4395	816
4396	1026
4397	810
4398	1026
4399	1027
4400	810
4401	810
4402	1027
4403	804
4404	558
4405	564
4406	1024
4407	1025
4408	1024
4409	564
4410	564
4411	570
4412	1025
4413	1028
4414	1025
4415	570
4416	1025
4417	1028
4418	1026
4419	1027
4420	1026
4421	1028
4422	1028
4423	1029
4424	1027
4425	1030
4426	1027
4427	1029
4428	1027
4429	1030
4430	804
4431	798
4432	804
4433	1030
4434	1030
4435	1031
4436	798
4437	792
4438	798
4439	1031
4440	570
4441	576
4442	1028
4443	1029
4444	1028
4445	576
4446	576
4447	582
4448	1029
4449	1032
4450	1029
4451	582
4452	1029
4453	1032
4454	1030
4455	1031
4456	1030
4457	1032
4458	1032
4459	1033
4460	1031
4461	1034
4462	1031
4463	1033
4464	1031
4465	1034
4466	792
4467	786
4468	792
4469	1034
4470	1034
4471	1035
4472	786
4473	780
4474	786
4475	1035
4476	582
4477	588
4478	1032
4479	1033
4480	1032
4481	588
4482	588
4483	594
4484	1033
4485	1036
4486	1033
4487	594
4488	1033
4489	1036
4490	1034
4491	1035
4492	1034
4493	1036
4494	1036
4495	1037
4496	1035
4497	1038
4498	1035
4499	1037
4500	1035
4501	1038
4502	780
4503	780
4504	1038
4505	774
4506	1038
4507	1039
4508	774
4509	774
4510	1039
4511	768
4512	594
4513	600
4514	1036
4515	1037
4516	1036
4517	600
4518	600
4519	606
4520	1037
4521	1040
4522	1037
4523	606
4524	1037
4525	1040
4526	1038
4527	1039
4528	1038
4529	1040
4530	1040
4531	1041
4532	1039
4533	1042
4534	1039
4535	1041
4536	1039
4537	1042
4538	768
4539	762
4540	768
4541	1042
4542	1042
4543	1043
4544	762
4545	756
4546	762
4547	1043
4548	606
4549	612
4550	1040
4551	1041
4552	1040
4553	612
4554	612
4555	618
4556	1041
4557	1044
4558	1041
4559	618
4560	1041
4561	1044
4562	1042
4563	1043
4564	1042
4565	1044
4566	1044
4567	1045
4568	1043
4569	1046
4570	1043
4571	1045
4572	1043
4573	1046
4574	756
4575	750
4576	756
4577	1046
4578	1046
4579	1047
4580	750
4581	744
4582	750
4583	1047
4584	618
4585	624
4586	1044
4587	1045
4588	1044
4589	624
4590	624
4591	630
4592	1045
4593	1048
4594	1045
4595	630
4596	1045
4597	1048
4598	1046
4599	1047
4600	1046
4601	1048
4602	1048
4603	1049
4604	1047
4605	1050
4606	1047
4607	1049
4608	1047
4609	1050
4610	744
4611	744
4612	1050
4613	738
4614	1050
4615	1051
4616	738
4617	738
4618	1051
4619	732
4620	630
4621	636
4622	1048
4623	1049
4624	1048
4625	636
4626	636
4627	642
4628	1049
4629	1052
4630	1049
4631	642
4632	1049
4633	1052
4634	1050
4635	1051
4636	1050
4637	1052
4638	1052
4639	669
4640	1051
4641	675
4642	1051
4643	669
4644	1051
4645	675
4646	732
4647	642
4648	648
4649	1052
4650	669
4651	1052
4652	648
4653	1053
4654	1054
4655	1055
4656	1055
4657	1054
4658	1056
4659	1057
4660	1056
4661	1054
4662	1056
4663	1057
4664	1058
4665	1059
4666	1058
4667	1057
4668	1057
4669	1060
4670	1059
4671	1061
4672	1059
4673	1060
4674	1054
4675	1062
4676	1057
4677	1060
4678	1057
4679	1062
4680	1062
4681	1063
4682	1060
4683	1064
4684	1060
4685	1063
4686	1060
4687	1064
4688	1061
4689	1065
4690	1061
4691	1064
4692	1064
4693	1066
4694	1065
4695	1067
4696	1065
4697	1066
4698	1062
4699	1054
4700	1068
4701	1063
4702	1062
4703	1069
4704	1070
4705	1063
4706	1071
4707	1063
4708	1070
4709	1064
4710	1066
4711	1064
4712	1070
4713	1070
4714	1072
4715	1066
4716	1073
4717	1066
4718	1072
4719	1066
4720	1073
4721	1067
4722	1074
4723	1067
4724	1073
4725	1073
4726	1075
4727	1074
4728	1076
4729	1074
4730	1075
4731	1072
4732	1070
4733	1077
4734	1078
4735	1072
4736	1079
4737	1072
4738	1078
4739	1073
4740	1075
4741	1073
4742	1078
4743	1078
4744	1080
4745	1075
4746	1081
4747	1075
4748	1080
4749	1075
4750	1081
4751	1076
4752	1082
4753	1076
4754	1081
4755	1081
4756	1083
4757	1082
4758	1084
4759	1082
4760	1083
4761	1080
4762	1078
4763	1085
4764	1086
4765	1080
4766	1087
4767	1080
4768	1086
4769	1081
4770	1083
4771	1081
4772	1086
4773	1086
4774	1088
4775	1083
4776	1089
4777	1083
4778	1088
4779	1083
4780	1089
4781	1084
4782	1090
4783	1084
4784	1089
4785	1089
4786	1091
4787	1090
4788	1092
4789	1090
4790	1091
4791	1088
4792	1086
4793	1093
4794	1094
4795	1088
4796	1095
4797	1088
4798	1094
4799	1089
4800	1091
4801	1089
4802	1094
4803	1094
4804	1096
4805	1091
4806	1097
4807	1091
4808	1096
4809	1091
4810	1097
4811	1092
4812	1098
4813	1092
4814	1097
4815	1097
4816	1099
4817	1098
4818	1100
4819	1098
4820	1099
4821	1096
4822	1094
4823	1101
4824	1102
4825	1096
4826	1103
4827	1096
4828	1102
4829	1097
4830	1099
4831	1097
4832	1102
4833	1102
4834	1104
4835	1099
4836	1105
4837	1099
4838	1104
4839	1099
4840	1105
4841	1100
4842	1106
4843	1100
4844	1105
4845	1105
4846	1107
4847	1106
4848	1108
4849	1106
4850	1107
4851	1109
4852	1104
4853	1102
4854	1110
4855	1104
4856	1111
4857	1104
4858	1110
4859	1105
4860	1107
4861	1105
4862	1110
4863	1110
4864	1112
4865	1107
4866	1113
4867	1107
4868	1112
4869	1107
4870	1113
4871	1108
4872	1114
4873	1108
4874	1113
4875	1113
4876	1115
4877	1114
4878	1116
4879	1114
4880	1115
4881	1112
4882	1110
4883	1117
4884	1118
4885	1112
4886	1119
4887	1112
4888	1118
4889	1113
4890	1115
4891	1113
4892	1118
4893	1118
4894	1120
4895	1115
4896	1121
4897	1115
4898	1120
4899	1115
4900	1121
4901	1116
4902	1122
4903	1116
4904	1121
4905	1121
4906	1123
4907	1122
4908	1124
4909	1122
4910	1123
4911	1120
4912	1118
4913	1125
4914	1126
4915	1120
4916	1127
4917	1120
4918	1126
4919	1121
4920	1123
4921	1121
4922	1126
4923	1126
4924	1128
4925	1123
4926	1129
4927	1123
4928	1128
4929	1123
4930	1129
4931	1124
4932	1130
4933	1124
4934	1129
4935	1129
4936	1131
4937	1130
4938	1132
4939	1130
4940	1131
4941	1128
4942	1126
4943	1133
4944	1134
4945	1128
4946	1135
4947	1128
4948	1134
4949	1129
4950	1131
4951	1129
4952	1134
4953	1134
4954	1136
4955	1131
4956	1137
4957	1131
4958	1136
4959	1131
4960	1137
4961	1132
4962	1138
4963	1132
4964	1137
4965	1137
4966	1139
4967	1138
4968	1140
4969	1138
4970	1139
4971	1136
4972	1134
4973	1141
4974	1142
4975	1136
4976	1143
4977	1136
4978	1142
4979	1137
4980	1139
4981	1137
4982	1142
4983	1142
4984	1144
4985	1139
4986	1145
4987	1139
4988	1144
4989	1139
4990	1145
4991	1140
4992	1146
4993	1140
4994	1145
4995	1145
4996	1147
4997	1146
4998	1148
4999	1146
5000	1147
5001	1144
5002	1142
5003	1149
5004	1150
5005	1144
5006	1151
5007	1144
5008	1150
5009	1145
5010	1147
5011	1145
5012	1150
5013	1150
5014	1152
5015	1147
5016	1153
5017	1147
5018	1152
5019	1147
5020	1153
5021	1148
5022	1154
5023	1148
5024	1153
5025	1153
5026	1155
5027	1154
5028	1156
5029	1154
5030	1155
5031	1157
5032	1152
5033	1150
5034	1158
5035	1152
5036	1159
5037	1152
5038	1158
5039	1153
5040	1155
5041	1153
5042	1158
5043	1158
5044	1160
5045	1155
5046	1161
5047	1155
5048	1160
5049	1155
5050	1161
5051	1156
5052	1162
5053	1156
5054	1161
5055	1161
5056	1163
5057	1162
5058	1164
5059	1162
5060	1163
5061	1160
5062	1158
5063	1165
5064	1166
5065	1160
5066	1167
5067	1160
5068	1166
5069	1161
5070	1163
5071	1161
5072	1166
5073	1166
5074	1168
5075	1163
5076	1169
5077	1163
5078	1168
5079	1163
5080	1169
5081	1164
5082	1170
5083	1164
5084	1169
5085	1169
5086	1171
5087	1170
5088	1172
5089	1170
5090	1171
5091	1168
5092	1166
5093	1173
5094	1174
5095	1168
5096	1175
5097	1168
5098	1174
5099	1169
5100	1171
5101	1169
5102	1174
5103	1174
5104	1176
5105	1171
5106	1177
5107	1171
5108	1176
5109	1171
5110	1177
5111	1172
5112	1178
5113	1172
5114	1177
5115	1177
5116	1179
5117	1178
5118	1180
5119	1178
5120	1179
5121	1176
5122	1174
5123	1181
5124	1182
5125	1176
5126	1183
5127	1176
5128	1182
5129	1177
5130	1179
5131	1177
5132	1182
5133	1182
5134	1184
5135	1179
5136	1185
5137	1179
5138	1184
5139	1179
5140	1185
5141	1180
5142	1186
5143	1180
5144	1185
5145	1185
5146	1187
5147	1186
5148	1188
5149	1186
5150	1187
5151	1184
5152	1182
5153	1189
5154	1190
5155	1184
5156	1191
5157	1184
5158	1190
5159	1185
5160	1187
5161	1185
5162	1190
5163	1190
5164	1192
5165	1187
5166	1193
5167	1187
5168	1192
5169	1187
5170	1193
5171	1188
5172	1194
5173	1188
5174	1193
5175	1193
5176	1195
5177	1194
5178	1196
5179	1194
5180	1195
5181	1192
5182	1190
5183	1197
5184	1198
5185	1192
5186	1199
5187	1192
5188	1198
5189	1193
5190	1195
5191	1193
5192	1198
5193	1198
5194	1200
5195	1195
5196	1201
5197	1195
5198	1200
5199	1195
5200	1201
5201	1196
5202	1202
5203	1196
5204	1201
5205	1201
5206	1203
5207	1202
5208	1204
5209	1202
5210	1203
5211	1205
5212	1200
5213	1198
5214	1206
5215	1200
5216	1207
5217	1200
5218	1206
5219	1201
5220	1203
5221	1201
5222	1206
5223	1206
5224	1208
5225	1203
5226	1209
5227	1203
5228	1208
5229	1203
5230	1209
5231	1204
5232	1210
5233	1204
5234	1209
5235	1209
5236	1211
5237	1210
5238	1212
5239	1210
5240	1211
5241	1208
5242	1206
5243	1213
5244	1214
5245	1208
5246	1215
5247	1208
5248	1214
5249	1209
5250	1211
5251	1209
5252	1214
5253	1214
5254	1216
5255	1211
5256	1217
5257	1211
5258	1216
5259	1211
5260	1217
5261	1212
5262	1218
5263	1212
5264	1217
5265	1217
5266	1219
5267	1218
5268	1220
5269	1218
5270	1219
5271	1216
5272	1214
5273	1221
5274	1222
5275	1216
5276	1223
5277	1216
5278	1222
5279	1217
5280	1219
5281	1217
5282	1222
5283	1222
5284	1224
5285	1219
5286	1225
5287	1219
5288	1224
5289	1219
5290	1225
5291	1220
5292	1226
5293	1220
5294	1225
5295	1225
5296	1227
5297	1226
5298	1228
5299	1226
5300	1227
5301	1229
5302	1224
5303	1222
5304	1230
5305	1224
5306	1231
5307	1224
5308	1230
5309	1225
5310	1227
5311	1225
5312	1230
5313	1230
5314	1232
5315	1227
5316	1233
5317	1227
5318	1232
5319	1227
5320	1233
5321	1228
5322	1234
5323	1228
5324	1233
5325	1233
5326	1235
5327	1234
5328	1236
5329	1234
5330	1235
5331	1232
5332	1230
5333	1237
5334	1238
5335	1236
5336	1239
5337	1235
5338	1239
5339	1236
5340	1239
5341	1235
5342	1240
5343	1241
5344	1240
5345	1235
5346	1240
5347	1241
5348	1242
5349	1233
5350	1241
5351	1235
5352	1232
5353	1241
5354	1233
5355	1243
5356	1241
5357	1232
5358	1244
5359	1245
5360	1246
5361	1247
5362	1246
5363	1245
5364	1245
5365	1248
5366	1247
5367	1249
5368	1247
5369	1248
5370	1248
5371	1250
5372	1249
5373	1251
5374	1249
5375	1250
5376	1250
5377	1252
5378	1251
5379	1253
5380	1251
5381	1252
5382	1252
5383	1254
5384	1253
5385	1255
5386	1253
5387	1254
5388	1254
5389	1256
5390	1255
5391	1257
5392	1255
5393	1256
5394	1256
5395	1258
5396	1257
5397	1259
5398	1257
5399	1258
5400	1258
5401	1260
5402	1259
5403	1261
5404	1259
5405	1260
5406	1260
5407	1262
5408	1261
5409	1263
5410	1261
5411	1262
5412	1262
5413	1264
5414	1263
5415	1265
5416	1263
5417	1264
5418	1264
5419	1266
5420	1265
5421	1267
5422	1265
5423	1266
5424	1266
5425	1268
5426	1267
5427	1269
5428	1267
5429	1268
5430	1268
5431	1270
5432	1269
5433	1271
5434	1269
5435	1270
5436	1270
5437	1272
5438	1271
5439	1273
5440	1271
5441	1272
5442	1272
5443	1274
5444	1273
5445	1275
5446	1273
5447	1274
5448	1274
5449	1276
5450	1275
5451	1277
5452	1275
5453	1276
5454	1276
5455	1278
5456	1277
5457	1279
5458	1277
5459	1278
5460	1278
5461	1280
5462	1279
5463	1281
5464	1279
5465	1280
5466	1280
5467	1282
5468	1281
5469	1283
5470	1281
5471	1282
5472	1282
5473	1284
5474	1283
5475	1285
5476	1283
5477	1284
5478	1284
5479	1286
5480	1285
5481	1287
5482	1285
5483	1286
5484	1286
5485	1288
5486	1287
5487	1289
5488	1287
5489	1288
5490	1288
5491	1290
5492	1289
5493	1291
5494	1289
5495	1290
5496	1290
5497	1292
5498	1291
5499	1293
5500	1291
5501	1292
5502	1292
5503	1294
5504	1293
5505	1295
5506	1293
5507	1294
5508	1294
5509	1296
5510	1295
5511	1297
5512	1295
5513	1296
5514	1296
5515	1298
5516	1297
5517	1299
5518	1297
5519	1298
5520	1298
5521	1300
5522	1299
5523	1301
5524	1299
5525	1300
5526	1300
5527	1302
5528	1301
5529	1303
5530	1301
5531	1302
5532	1302
5533	1304
5534	1303
5535	1305
5536	1303
5537	1304
5538	1304
5539	1306
5540	1305
5541	1307
5542	1305
5543	1306
5544	1306
5545	1308
5546	1307
5547	1309
5548	1307
5549	1308
5550	1308
5551	1310
5552	1309
5553	1311
5554	1309
5555	1310
5556	1310
5557	1312
5558	1311
5559	1313
5560	1311
5561	1312
5562	1312
5563	1314
5564	1313
5565	1315
5566	1313
5567	1314
5568	1314
5569	1316
5570	1315
5571	1317
5572	1315
5573	1316
5574	1316
5575	1318
5576	1317
5577	1319
5578	1317
5579	1318
5580	1318
5581	1320
5582	1319
5583	1321
5584	1319
5585	1320
5586	1320
5587	1322
5588	1321
5589	1323
5590	1321
5591	1322
5592	1322
5593	1324
5594	1323
5595	1325
5596	1323
5597	1324
5598	1324
5599	1326
5600	1325
5601	1327
5602	1325
5603	1326
5604	1326
5605	1328
5606	1327
5607	1329
5608	1327
5609	1328
5610	1328
5611	1330
5612	1329
5613	1331
5614	1329
5615	1330
5616	1330
5617	1332
5618	1331
5619	1333
5620	1331
5621	1332
5622	1332
5623	1334
5624	1333
5625	1335
5626	1333
5627	1334
5628	1334
5629	1336
5630	1335
5631	1337
5632	1335
5633	1336
5634	1336
5635	1338
5636	1337
5637	1339
5638	1337
5639	1338
